<?xml version="1.0" encoding="utf-8"?>
<edmx:Edmx Version="4.0" xmlns:edmx="http://docs.oasis-open.org/odata/ns/edmx">
    <edmx:Reference Uri="../../catalogservice;v=2/Vocabularies(TechnicalName='%2FIWBEP%2FVOC_COMMON',Version='0001',SAP__Origin='')/$value">
        <edmx:Include Namespace="com.sap.vocabularies.Common.v1" Alias="Common"/>
    </edmx:Reference>
    <edmx:Reference Uri="../../catalogservice;v=2/Vocabularies(TechnicalName='%2FIWBEP%2FVOC_UI',Version='0001',SAP__Origin='')/$value">
        <edmx:Include Namespace="com.sap.vocabularies.UI.v1" Alias="UI"/>
    </edmx:Reference>
    <edmx:Reference Uri="../../catalogservice;v=2/Vocabularies(TechnicalName='%2FIWBEP%2FVOC_COMMUNICATION',Version='0001',SAP__Origin='')/$value">
        <edmx:Include Namespace="com.sap.vocabularies.Communication.v1" Alias="Communication"/>
    </edmx:Reference>
    <edmx:Reference Uri="../../catalogservice;v=2/Vocabularies(TechnicalName='%2FIWBEP%2FVOC_PERSONALDATA',Version='0001',SAP__Origin='')/$value">
        <edmx:Include Namespace="com.sap.vocabularies.PersonalData.v1" Alias="PersonalData"/>
    </edmx:Reference>
    <edmx:Reference Uri="../../catalogservice;v=2/Vocabularies(TechnicalName='%2FIWBEP%2FVOC_VALIDATION',Version='0001',SAP__Origin='')/$value">
        <edmx:Include Namespace="Org.OData.Validation.V1" Alias="Validation"/>
    </edmx:Reference>
    <edmx:Reference Uri="../../catalogservice;v=2/Vocabularies(TechnicalName='%2FIWBEP%2FVOC_ANALYTICS',Version='0001',SAP__Origin='')/$value">
        <edmx:Include Namespace="com.sap.vocabularies.Analytics.v1" Alias="Analytics"/>
    </edmx:Reference>
    <edmx:Reference Uri="../../catalogservice;v=2/Vocabularies(TechnicalName='%2FIWBEP%2FVOC_HTML5',Version='0001',SAP__Origin='')/$value">
        <edmx:Include Namespace="com.sap.vocabularies.HTML5.v1" Alias="HTML5"/>
    </edmx:Reference>
    <edmx:Reference Uri="../../catalogservice;v=2/Vocabularies(TechnicalName='%2FIWBEP%2FVOC_ODM',Version='0001',SAP__Origin='')/$value">
        <edmx:Include Namespace="com.sap.vocabularies.ODM.v1" Alias="SAP__ODM"/>
    </edmx:Reference>
    <edmx:Reference Uri="../../../dmo/ui_flight_r_v2/$metadata">
        <edmx:Include Namespace="UI_FLIGHT_R_V2" Alias="SAP"/>
    </edmx:Reference>
    <edmx:DataServices>
        <Schema Namespace="com.sap.dmo.ui_flight_r_v2_van.v1" xmlns="http://docs.oasis-open.org/odata/ns/edm">
            <Annotations Target="cds_xdmoxflight_r.AirportType/CountryCodeText">
                <Annotation Term="UI.Hidden"/>
            </Annotations>
            <Annotations Target="cds_xdmoxflight_r.AirportType/AirportID">
                <Annotation Term="Common.Text" Path="Name">
                    <Annotation Term="UI.TextArrangement" EnumMember="UI.TextArrangementType/TextSeparate"/>
                </Annotation>
            </Annotations>
            <Annotations Target="cds_xdmoxflight_r.AirportType/CountryCode">
                <Annotation Term="Common.Text" Path="CountryCodeText">
                    <Annotation Term="UI.TextArrangement" EnumMember="UI.TextArrangementType/TextOnly"/>
                </Annotation>
            </Annotations>
            <Annotations Target="cds_xdmoxflight_r.AirportType">
                <Annotation Term="UI.LineItem">
                    <Collection>
                        <Record Type="UI.DataField">
                            <PropertyValue Property="Value" Path="AirportID"/>
                            <Annotation Term="UI.Importance" EnumMember="UI.ImportanceType/High"/>
                        </Record>
                        <Record Type="UI.DataField">
                            <PropertyValue Property="Value" Path="Name"/>
                            <Annotation Term="UI.Importance" EnumMember="UI.ImportanceType/High"/>
                        </Record>
                        <Record Type="UI.DataField">
                            <PropertyValue Property="Value" Path="City"/>
                            <Annotation Term="UI.Importance" EnumMember="UI.ImportanceType/Medium"/>
                        </Record>
                        <Record Type="UI.DataField">
                            <PropertyValue Property="Value" Path="CountryCode"/>
                            <Annotation Term="UI.Importance" EnumMember="UI.ImportanceType/Medium"/>
                        </Record>
                    </Collection>
                </Annotation>
            </Annotations>
            <Annotations Target="cds_xdmoxflight_r.AirlineType/CurrencyName">
                <Annotation Term="UI.Hidden"/>
            </Annotations>
            <Annotations Target="cds_xdmoxflight_r.AirlineType/AirlineID">
                <Annotation Term="Common.Text" Path="Name">
                    <Annotation Term="UI.TextArrangement" EnumMember="UI.TextArrangementType/TextSeparate"/>
                </Annotation>
            </Annotations>
            <Annotations Target="cds_xdmoxflight_r.AirlineType/CurrencyCode">
                <Annotation Term="Common.Text" Path="CurrencyName">
                    <Annotation Term="UI.TextArrangement" EnumMember="UI.TextArrangementType/TextOnly"/>
                </Annotation>
            </Annotations>
            <Annotations Target="cds_xdmoxflight_r.AirlineType">
                <Annotation Term="UI.LineItem">
                    <Collection>
                        <Record Type="UI.DataField">
                            <PropertyValue Property="Value" Path="AirlineID"/>
                            <Annotation Term="UI.Importance" EnumMember="UI.ImportanceType/High"/>
                        </Record>
                        <Record Type="UI.DataField">
                            <PropertyValue Property="Value" Path="Name"/>
                            <Annotation Term="UI.Importance" EnumMember="UI.ImportanceType/High"/>
                        </Record>
                        <Record Type="UI.DataField">
                            <PropertyValue Property="Value" Path="CurrencyCode"/>
                            <Annotation Term="UI.Importance" EnumMember="UI.ImportanceType/Medium"/>
                        </Record>
                    </Collection>
                </Annotation>
            </Annotations>
            <Annotations Target="cds_xdmoxflight_r.ConnectionType">
                <Annotation Term="UI.Facets">
                    <Collection>
                        <Record Type="UI.ReferenceFacet">
                            <PropertyValue Property="Label" String="Connection"/>
                            <PropertyValue Property="ID" String="Connection"/>
                            <PropertyValue Property="Target" AnnotationPath="@UI.Identification"/>
                        </Record>
                        <Record Type="UI.ReferenceFacet">
                            <PropertyValue Property="Label" String="Flight"/>
                            <PropertyValue Property="ID" String="Flight"/>
                            <PropertyValue Property="Target" AnnotationPath="to_Flight/@UI.LineItem"/>
                        </Record>
                    </Collection>
                </Annotation>
                <Annotation Term="UI.HeaderInfo">
                    <Record>
                        <PropertyValue Property="TypeName" String="Connection"/>
                        <PropertyValue Property="TypeNamePlural" String="Connections"/>
                    </Record>
                </Annotation>
                <Annotation Term="UI.Identification">
                    <Collection>
                        <Record Type="UI.DataField">
                            <PropertyValue Property="Label" String="Airline"/>
                            <PropertyValue Property="Value" Path="AirlineID"/>
                        </Record>
                        <Record Type="UI.DataField">
                            <PropertyValue Property="Label" String="Connection Number"/>
                            <PropertyValue Property="Value" Path="ConnectionID"/>
                        </Record>
                        <Record Type="UI.DataField">
                            <PropertyValue Property="Label" String="Departure Airport Code"/>
                            <PropertyValue Property="Value" Path="DepartureAirport"/>
                        </Record>
                        <Record Type="UI.DataField">
                            <PropertyValue Property="Label" String="Destination Airport Code"/>
                            <PropertyValue Property="Value" Path="DestinationAirport"/>
                        </Record>
                        <Record Type="UI.DataField">
                            <PropertyValue Property="Label" String="Departure Time"/>
                            <PropertyValue Property="Value" Path="DepartureTime"/>
                        </Record>
                        <Record Type="UI.DataField">
                            <PropertyValue Property="Label" String="Arrival Time"/>
                            <PropertyValue Property="Value" Path="ArrivalTime"/>
                        </Record>
                        <Record Type="UI.DataField">
                            <PropertyValue Property="Label" String="Distance"/>
                            <PropertyValue Property="Value" Path="Distance"/>
                        </Record>
                    </Collection>
                </Annotation>
                <Annotation Term="UI.LineItem">
                    <Collection>
                        <Record Type="UI.DataField">
                            <PropertyValue Property="Label" String="Airline"/>
                            <PropertyValue Property="Value" Path="AirlineID"/>
                        </Record>
                        <Record Type="UI.DataField">
                            <PropertyValue Property="Label" String="Connection Number"/>
                            <PropertyValue Property="Value" Path="ConnectionID"/>
                        </Record>
                        <Record Type="UI.DataField">
                            <PropertyValue Property="Label" String="Departure Airport Code"/>
                            <PropertyValue Property="Value" Path="DepartureAirport"/>
                        </Record>
                        <Record Type="UI.DataField">
                            <PropertyValue Property="Label" String="Destination Airport Code"/>
                            <PropertyValue Property="Value" Path="DestinationAirport"/>
                        </Record>
                        <Record Type="UI.DataField">
                            <PropertyValue Property="Label" String="Departure Time"/>
                            <PropertyValue Property="Value" Path="DepartureTime"/>
                        </Record>
                        <Record Type="UI.DataField">
                            <PropertyValue Property="Label" String="Arrival Time"/>
                            <PropertyValue Property="Value" Path="ArrivalTime"/>
                        </Record>
                    </Collection>
                </Annotation>
                <Annotation Term="UI.SelectionFields">
                    <Collection>
                        <PropertyPath>DepartureAirport</PropertyPath>
                        <PropertyPath>DestinationAirport</PropertyPath>
                    </Collection>
                </Annotation>
            </Annotations>
            <Annotations Target="cds_xdmoxflight_r.FlightType">
                <Annotation Term="UI.LineItem">
                    <Collection>
                        <Record Type="UI.DataField">
                            <PropertyValue Property="Label" String="Airline"/>
                            <PropertyValue Property="Value" Path="AirlineID"/>
                        </Record>
                        <Record Type="UI.DataField">
                            <PropertyValue Property="Label" String="Connection Number"/>
                            <PropertyValue Property="Value" Path="ConnectionID"/>
                        </Record>
                        <Record Type="UI.DataField">
                            <PropertyValue Property="Label" String="Flight Date"/>
                            <PropertyValue Property="Value" Path="FlightDate"/>
                        </Record>
                        <Record Type="UI.DataField">
                            <PropertyValue Property="Label" String="Price"/>
                            <PropertyValue Property="Value" Path="Price"/>
                        </Record>
                        <Record Type="UI.DataField">
                            <PropertyValue Property="Label" String="Plane Type"/>
                            <PropertyValue Property="Value" Path="PlaneType"/>
                        </Record>
                        <Record Type="UI.DataField">
                            <PropertyValue Property="Label" String="Maximum Seats"/>
                            <PropertyValue Property="Value" Path="MaximumSeats"/>
                        </Record>
                        <Record Type="UI.DataField">
                            <PropertyValue Property="Label" String="Occupied Seats"/>
                            <PropertyValue Property="Value" Path="OccupiedSeats"/>
                        </Record>
                    </Collection>
                </Annotation>
            </Annotations>
            <Annotations Target="cds_xdmoxflight_r.CountryType/Description">
                <Annotation Term="UI.HiddenFilter"/>
                <Annotation Term="UI.Hidden"/>
            </Annotations>
            <Annotations Target="cds_xdmoxflight_r.cds_xdmoxflight_r_Entities">
                <Annotation Term="UI.LeadingEntitySet" String="Connection"/>
            </Annotations>
            <Annotations Target="_Entities"/>
        </Schema>
    </edmx:DataServices>
</edmx:Edmx>