<?xml version="1.0" encoding="utf-8"?>
<edmx:Edmx Version="1.0" xmlns:edmx="http://schemas.microsoft.com/ado/2007/06/edmx" xmlns:m="http://schemas.microsoft.com/ado/2007/08/dataservices/metadata" xmlns:sap="http://www.sap.com/Protocols/SAPData">
    <edmx:Reference Uri="/sap/opu/odata/iwfnd/catalogservice;v=2/Vocabularies(TechnicalName='%2FIWBEP%2FVOC_AGGREGATION',Version='0001',SAP__Origin='')/$value" xmlns:edmx="http://docs.oasis-open.org/odata/ns/edmx">
        <edmx:Include Namespace="Org.OData.Aggregation.V1" Alias="Aggregation"/>
    </edmx:Reference>
    <edmx:Reference Uri="/sap/opu/odata/iwfnd/catalogservice;v=2/Vocabularies(TechnicalName='%2FIWBEP%2FVOC_ANALYTICS',Version='0001',SAP__Origin='')/$value" xmlns:edmx="http://docs.oasis-open.org/odata/ns/edmx">
        <edmx:Include Namespace="com.sap.vocabularies.Analytics.v1" Alias="Analytics"/>
    </edmx:Reference>
    <edmx:Reference Uri="/sap/opu/odata/iwfnd/catalogservice;v=2/Vocabularies(TechnicalName='%2FIWBEP%2FVOC_CAPABILITIES',Version='0001',SAP__Origin='')/$value" xmlns:edmx="http://docs.oasis-open.org/odata/ns/edmx">
        <edmx:Include Namespace="Org.OData.Capabilities.V1" Alias="Capabilities"/>
    </edmx:Reference>
    <edmx:Reference Uri="/sap/opu/odata/iwfnd/catalogservice;v=2/Vocabularies(TechnicalName='%2FIWBEP%2FVOC_CODELIST',Version='0001',SAP__Origin='')/$value" xmlns:edmx="http://docs.oasis-open.org/odata/ns/edmx">
        <edmx:Include Namespace="com.sap.vocabularies.CodeList.v1" Alias="SAP__CodeList"/>
    </edmx:Reference>
    <edmx:Reference Uri="/sap/opu/odata/iwfnd/catalogservice;v=2/Vocabularies(TechnicalName='%2FIWBEP%2FVOC_COMMON',Version='0001',SAP__Origin='')/$value" xmlns:edmx="http://docs.oasis-open.org/odata/ns/edmx">
        <edmx:Include Namespace="com.sap.vocabularies.Common.v1" Alias="Common"/>
        <edmx:Include Namespace="com.sap.vocabularies.Common.v1" Alias="SAP__common"/>
    </edmx:Reference>
    <edmx:Reference Uri="/sap/opu/odata/iwfnd/catalogservice;v=2/Vocabularies(TechnicalName='%2FIWBEP%2FVOC_COMMUNICATION',Version='0001',SAP__Origin='')/$value" xmlns:edmx="http://docs.oasis-open.org/odata/ns/edmx">
        <edmx:Include Namespace="com.sap.vocabularies.Communication.v1" Alias="Communication"/>
    </edmx:Reference>
    <edmx:Reference Uri="/sap/opu/odata/iwfnd/catalogservice;v=2/Vocabularies(TechnicalName='%2FIWBEP%2FVOC_CORE',Version='0001',SAP__Origin='')/$value" xmlns:edmx="http://docs.oasis-open.org/odata/ns/edmx">
        <edmx:Include Namespace="Org.OData.Core.V1" Alias="SAP__core"/>
    </edmx:Reference>
    <edmx:Reference Uri="/sap/opu/odata/iwfnd/catalogservice;v=2/Vocabularies(TechnicalName='%2FIWBEP%2FVOC_MEASURES',Version='0001',SAP__Origin='')/$value" xmlns:edmx="http://docs.oasis-open.org/odata/ns/edmx">
        <edmx:Include Namespace="Org.OData.Measures.V1" Alias="Measures"/>
    </edmx:Reference>
    <edmx:Reference Uri="/sap/opu/odata/iwfnd/catalogservice;v=2/Vocabularies(TechnicalName='%2FIWBEP%2FVOC_ODM',Version='0001',SAP__Origin='')/$value" xmlns:edmx="http://docs.oasis-open.org/odata/ns/edmx">
        <edmx:Include Namespace="com.sap.vocabularies.ODM.v1" Alias="SAP__ODM"/>
    </edmx:Reference>
    <edmx:Reference Uri="/sap/opu/odata/iwfnd/catalogservice;v=2/Vocabularies(TechnicalName='%2FIWBEP%2FVOC_PDF',Version='0001',SAP__Origin='')/$value" xmlns:edmx="http://docs.oasis-open.org/odata/ns/edmx">
        <edmx:Include Namespace="com.sap.vocabularies.PDF.v1" Alias="SAP__PDF"/>
    </edmx:Reference>
    <edmx:Reference Uri="/sap/opu/odata/iwfnd/catalogservice;v=2/Vocabularies(TechnicalName='%2FIWBEP%2FVOC_PERSONALDATA',Version='0001',SAP__Origin='')/$value" xmlns:edmx="http://docs.oasis-open.org/odata/ns/edmx">
        <edmx:Include Namespace="com.sap.vocabularies.PersonalData.v1" Alias="PersonalData"/>
    </edmx:Reference>
    <edmx:Reference Uri="/sap/opu/odata/iwfnd/catalogservice;v=2/Vocabularies(TechnicalName='%2FIWBEP%2FVOC_UI',Version='0001',SAP__Origin='')/$value" xmlns:edmx="http://docs.oasis-open.org/odata/ns/edmx">
        <edmx:Include Namespace="com.sap.vocabularies.UI.v1" Alias="UI"/>
    </edmx:Reference>
    <edmx:Reference Uri="/sap/opu/odata/iwfnd/catalogservice;v=2/Vocabularies(TechnicalName='%2FIWBEP%2FVOC_VALIDATION',Version='0001',SAP__Origin='')/$value" xmlns:edmx="http://docs.oasis-open.org/odata/ns/edmx">
        <edmx:Include Namespace="Org.OData.Validation.V1" Alias="Validation"/>
    </edmx:Reference>
    <edmx:DataServices m:DataServiceVersion="2.0">
        <Schema Namespace="cds_xdmoxflight_r" xml:lang="en" sap:schema-version="1" xmlns="http://schemas.microsoft.com/ado/2008/09/edm">
            <EntityType Name="AirportType" sap:label="Airport ValueHelp" sap:value-list="true" sap:content-version="1">
                <Key>
                    <PropertyRef Name="AirportID"/>
                </Key>
                <Property Name="AirportID" Type="Edm.String" Nullable="false" MaxLength="3" sap:display-format="UpperCase" sap:text="Name" sap:label="Airport ID" sap:quickinfo="Flight Reference Scenario: Airport ID"/>
                <Property Name="Name" Type="Edm.String" MaxLength="40" sap:label="Airport Name" sap:quickinfo="Flight Reference Scenario: Airport Name"/>
                <Property Name="City" Type="Edm.String" MaxLength="40" sap:label="City" sap:quickinfo="Flight Reference Scenario: City"/>
                <Property Name="CountryCode" Type="Edm.String" MaxLength="3" sap:display-format="UpperCase" sap:text="CountryCodeText" sap:label="Country/Region Key" sap:value-list="standard"/>
                <Property Name="CountryCodeText" Type="Edm.String" MaxLength="50" sap:label="Country/Region Name"/>
            </EntityType>
            <EntityType Name="AirlineType" sap:label="Carrier ValueHelp" sap:value-list="true" sap:content-version="1">
                <Key>
                    <PropertyRef Name="AirlineID"/>
                </Key>
                <Property Name="AirlineID" Type="Edm.String" Nullable="false" MaxLength="3" sap:display-format="UpperCase" sap:text="Name" sap:label="Airline ID" sap:quickinfo="Flight Reference Scenario: Carrier ID"/>
                <Property Name="Name" Type="Edm.String" MaxLength="40" sap:label="Airline Name" sap:quickinfo="Flight Reference Scenario: Carrier Name"/>
                <Property Name="CurrencyCode" Type="Edm.String" MaxLength="5" sap:text="CurrencyName" sap:label="Currency Code" sap:quickinfo="Flight Reference Scenario: Currency Code" sap:semantics="currency-code"/>
                <Property Name="CurrencyName" Type="Edm.String" MaxLength="40" sap:label="Description"/>
            </EntityType>
            <EntityType Name="ConnectionType" sap:label="Connection View - CDS Data Model" sap:content-version="1">
                <Key>
                    <PropertyRef Name="AirlineID"/>
                    <PropertyRef Name="ConnectionID"/>
                </Key>
                <Property Name="AirlineID" Type="Edm.String" Nullable="false" MaxLength="3" sap:display-format="UpperCase" sap:text="AirlineID_Text" sap:label="Airline ID" sap:quickinfo="Airline that operates the flight." sap:value-list="standard"/>
                <Property Name="AirlineID_Text" Type="Edm.String" MaxLength="40" sap:label="Airline Name" sap:quickinfo="Flight Reference Scenario: Carrier Name" sap:creatable="false" sap:updatable="false"/>
                <Property Name="ConnectionID" Type="Edm.String" Nullable="false" MaxLength="4" sap:display-format="NonNegative" sap:label="Flight Number" sap:quickinfo="Flight Reference Scenario: Connection ID"/>
                <Property Name="DepartureAirport" Type="Edm.String" MaxLength="3" sap:display-format="UpperCase" sap:label="Departure Airport Code" sap:quickinfo="Flight Reference Scenario: From Airport" sap:value-list="standard"/>
                <Property Name="DestinationAirport" Type="Edm.String" MaxLength="3" sap:display-format="UpperCase" sap:label="Destination Airport Code" sap:quickinfo="Flight Reference Scenario: To Airport" sap:value-list="standard"/>
                <Property Name="DepartureTime" Type="Edm.Time" Precision="0" sap:label="Departure" sap:quickinfo="Flight Reference Scenario: Departure Time"/>
                <Property Name="ArrivalTime" Type="Edm.Time" Precision="0" sap:label="Arrival" sap:quickinfo="Flight Reference Scenario: Arrival Time"/>
                <Property Name="Distance" Type="Edm.Int32" sap:label="Flight Distance" sap:quickinfo="Flight Reference Scenario: Flight Distance"/>
                <Property Name="DistanceUnit" Type="Edm.String" MaxLength="3" sap:label="Internal UoM" sap:quickinfo="Unit of Measurement" sap:semantics="unit-of-measure"/>
                <NavigationProperty Name="to_Flight" Relationship="cds_xdmoxflight_r.assoc_00C3EEE5FE56592A54E0545053EC45C6" FromRole="FromRole_assoc_00C3EEE5FE56592A54E0545053EC45C6" ToRole="ToRole_assoc_00C3EEE5FE56592A54E0545053EC45C6"/>
            </EntityType>
            <EntityType Name="FlightType" sap:label="Carrier View - CDS Data Model" sap:content-version="1">
                <Key>
                    <PropertyRef Name="AirlineID"/>
                    <PropertyRef Name="ConnectionID"/>
                    <PropertyRef Name="FlightDate"/>
                </Key>
                <Property Name="AirlineID" Type="Edm.String" Nullable="false" MaxLength="3" sap:display-format="UpperCase" sap:text="AirlineID_Text" sap:label="Airline ID" sap:quickinfo="Flight Reference Scenario: Carrier ID"/>
                <Property Name="AirlineID_Text" Type="Edm.String" MaxLength="40" sap:label="Airline Name" sap:quickinfo="Flight Reference Scenario: Carrier Name" sap:creatable="false" sap:updatable="false"/>
                <Property Name="ConnectionID" Type="Edm.String" Nullable="false" MaxLength="4" sap:display-format="NonNegative" sap:label="Flight Number" sap:quickinfo="Flight Reference Scenario: Connection ID"/>
                <Property Name="FlightDate" Type="Edm.DateTime" Nullable="false" Precision="0" sap:display-format="Date" sap:label="Flight Date" sap:quickinfo="Flight Reference Scenario: Flight Date"/>
                <Property Name="Price" Type="Edm.Decimal" Precision="16" Scale="3" sap:unit="CurrencyCode" sap:variable-scale="true" sap:label="Flight Price" sap:quickinfo="Flight Reference Scenario: Flight Price"/>
                <Property Name="CurrencyCode" Type="Edm.String" MaxLength="5" sap:label="Currency Code" sap:quickinfo="Flight Reference Scenario: Currency Code" sap:semantics="currency-code"/>
                <Property Name="PlaneType" Type="Edm.String" MaxLength="10" sap:display-format="UpperCase" sap:label="Plane Type" sap:quickinfo="Flight Reference Scenario: Plane Type ID"/>
                <Property Name="MaximumSeats" Type="Edm.Int32" sap:label="Maximum Capacity" sap:quickinfo="Flight Reference Scenario: Plane Seats Max"/>
                <Property Name="OccupiedSeats" Type="Edm.Int32" sap:label="Occupied Seats" sap:quickinfo="Flight Reference Scenario: Plane Seats Occupied"/>
            </EntityType>
            <EntityType Name="CountryType" sap:label="Country/Region" sap:value-list="true" sap:content-version="1">
                <Key>
                    <PropertyRef Name="Country"/>
                </Key>
                <Property Name="Country" Type="Edm.String" Nullable="false" MaxLength="3" sap:display-format="UpperCase" sap:text="Country_Text" sap:label="Country/Region Key"/>
                <Property Name="Country_Text" Type="Edm.String" MaxLength="50" sap:label="Country/Region Name" sap:creatable="false" sap:updatable="false"/>
                <Property Name="Description" Type="Edm.String" MaxLength="50" sap:label="Country/Region Name"/>
                <Property Name="CountryThreeLetterISOCode" Type="Edm.String" MaxLength="3" sap:display-format="UpperCase" sap:label="ISO Code 3 Char" sap:quickinfo="ISO Country/Region Code 3 Characters"/>
                <Property Name="CountryThreeDigitISOCode" Type="Edm.String" MaxLength="3" sap:display-format="NonNegative" sap:label="ISO Code Num. 3" sap:quickinfo="ISO Country/Region Code Numeric 3-Characters"/>
            </EntityType>
            <EntityType Name="SAP__Currency" sap:content-version="1">
                <Key>
                    <PropertyRef Name="CurrencyCode"/>
                </Key>
                <Property Name="CurrencyCode" Type="Edm.String" Nullable="false" MaxLength="5" sap:label="Currency" sap:semantics="currency-code"/>
                <Property Name="ISOCode" Type="Edm.String" Nullable="false" MaxLength="3" sap:label="ISO code"/>
                <Property Name="Text" Type="Edm.String" Nullable="false" MaxLength="15" sap:label="Short text"/>
                <Property Name="DecimalPlaces" Type="Edm.Byte" Nullable="false" sap:label="Decimals"/>
            </EntityType>
            <EntityType Name="SAP__UnitOfMeasure" sap:content-version="1">
                <Key>
                    <PropertyRef Name="UnitCode"/>
                </Key>
                <Property Name="UnitCode" Type="Edm.String" Nullable="false" MaxLength="3" sap:label="Internal UoM" sap:semantics="unit-of-measure"/>
                <Property Name="ISOCode" Type="Edm.String" Nullable="false" MaxLength="3" sap:label="ISO Code"/>
                <Property Name="ExternalCode" Type="Edm.String" Nullable="false" MaxLength="3" sap:label="Commercial"/>
                <Property Name="Text" Type="Edm.String" Nullable="false" MaxLength="30" sap:label="Meas. Unit Text"/>
                <Property Name="DecimalPlaces" Type="Edm.Int16" sap:label="Decimal Places"/>
            </EntityType>
            <EntityType Name="SAP__DocumentDescription" sap:content-version="1">
                <Key>
                    <PropertyRef Name="Id"/>
                </Key>
                <Property Name="Id" Type="Edm.Guid" Nullable="false" sap:label="UUID"/>
                <Property Name="CreatedBy" Type="Edm.String" Nullable="false" MaxLength="12"/>
                <Property Name="CreatedAt" Type="Edm.DateTime" Nullable="false" Precision="0" sap:label="Time Stamp"/>
                <Property Name="FileName" Type="Edm.String" Nullable="false" MaxLength="256"/>
                <Property Name="Title" Type="Edm.String" Nullable="false" MaxLength="256"/>
                <NavigationProperty Name="Format" Relationship="cds_xdmoxflight_r.to_format" FromRole="FromRole_to_format" ToRole="ToRole_to_format"/>
                <NavigationProperty Name="FileShare" Relationship="cds_xdmoxflight_r.to_fileshare" FromRole="FromRole_to_fileshare" ToRole="ToRole_to_fileshare"/>
                <NavigationProperty Name="TableColumns" Relationship="cds_xdmoxflight_r.to_tablecolumns" FromRole="FromRole_to_tablecolumns" ToRole="ToRole_to_tablecolumns"/>
                <NavigationProperty Name="CoverPage" Relationship="cds_xdmoxflight_r.to_coverpage" FromRole="FromRole_to_coverpage" ToRole="ToRole_to_coverpage"/>
                <NavigationProperty Name="Signature" Relationship="cds_xdmoxflight_r.to_signature" FromRole="FromRole_to_signature" ToRole="ToRole_to_signature"/>
                <NavigationProperty Name="PDFStandard" Relationship="cds_xdmoxflight_r.to_pdfstandard" FromRole="FromRole_to_pdfstandard" ToRole="ToRole_to_pdfstandard"/>
                <NavigationProperty Name="Hierarchy" Relationship="cds_xdmoxflight_r.to_Hierarchy" FromRole="FromRole_to_Hierarchy" ToRole="ToRole_to_Hierarchy"/>
                <NavigationProperty Name="Header" Relationship="cds_xdmoxflight_r.to_header" FromRole="FromRole_to_header" ToRole="ToRole_to_header"/>
                <NavigationProperty Name="Footer" Relationship="cds_xdmoxflight_r.to_Footer" FromRole="FromRole_to_Footer" ToRole="ToRole_to_Footer"/>
            </EntityType>
            <EntityType Name="SAP__FileShare" sap:content-version="1">
                <Key>
                    <PropertyRef Name="Id"/>
                </Key>
                <Property Name="Id" Type="Edm.Guid" Nullable="false" sap:label="UUID" sap:creatable="false" sap:updatable="false" sap:sortable="false" sap:filterable="false"/>
                <Property Name="Repository" Type="Edm.String" Nullable="false" MaxLength="100" sap:creatable="false" sap:updatable="false" sap:sortable="false" sap:filterable="false"/>
                <Property Name="Folder" Type="Edm.String" Nullable="false" sap:creatable="false" sap:updatable="false" sap:sortable="false" sap:filterable="false"/>
            </EntityType>
            <EntityType Name="SAP__Format" sap:content-version="1">
                <Key>
                    <PropertyRef Name="Id"/>
                </Key>
                <Property Name="FitToPage" Type="cds_xdmoxflight_r.SAP__FitToPage" Nullable="false"/>
                <Property Name="Id" Type="Edm.Guid" Nullable="false" sap:label="UUID" sap:creatable="false" sap:updatable="false" sap:sortable="false" sap:filterable="false"/>
                <Property Name="FontSize" Type="Edm.Int32" Nullable="false" sap:creatable="false" sap:updatable="false" sap:sortable="false" sap:filterable="false"/>
                <Property Name="Orientation" Type="Edm.String" Nullable="false" MaxLength="10" sap:creatable="false" sap:updatable="false" sap:sortable="false" sap:filterable="false"/>
                <Property Name="PaperSize" Type="Edm.String" Nullable="false" MaxLength="10" sap:creatable="false" sap:updatable="false" sap:sortable="false" sap:filterable="false"/>
                <Property Name="BorderSize" Type="Edm.Int32" Nullable="false" sap:creatable="false" sap:updatable="false" sap:sortable="false" sap:filterable="false"/>
                <Property Name="MarginSize" Type="Edm.Int32" Nullable="false" sap:creatable="false" sap:updatable="false" sap:sortable="false" sap:filterable="false"/>
                <Property Name="FontName" Type="Edm.String" Nullable="false" MaxLength="255" sap:label="Font Name" sap:creatable="false" sap:updatable="false" sap:sortable="false" sap:filterable="false"/>
                <Property Name="Padding" Type="Edm.Int32" Nullable="false" sap:creatable="false" sap:updatable="false" sap:sortable="false" sap:filterable="false"/>
                <Property Name="TextDirectionLayout" Type="Edm.String" Nullable="false" MaxLength="40" sap:creatable="false" sap:updatable="false" sap:sortable="false" sap:filterable="false"/>
            </EntityType>
            <EntityType Name="SAP__PDFStandard" sap:content-version="1">
                <Key>
                    <PropertyRef Name="Id"/>
                </Key>
                <Property Name="Id" Type="Edm.Guid" Nullable="false" sap:label="UUID" sap:creatable="false" sap:updatable="false" sap:sortable="false" sap:filterable="false"/>
                <Property Name="UsePDFAConformance" Type="Edm.Boolean" Nullable="false" sap:creatable="false" sap:updatable="false" sap:sortable="false" sap:filterable="false"/>
                <Property Name="DoEnableAccessibility" Type="Edm.Boolean" Nullable="false" sap:label="Indicator" sap:creatable="false" sap:updatable="false" sap:sortable="false" sap:filterable="false"/>
            </EntityType>
            <EntityType Name="SAP__TableColumns" sap:content-version="1">
                <Key>
                    <PropertyRef Name="Id"/>
                    <PropertyRef Name="Name"/>
                    <PropertyRef Name="Header"/>
                </Key>
                <Property Name="Format" Type="cds_xdmoxflight_r.SAP__TableColumnFormat" Nullable="false"/>
                <Property Name="Id" Type="Edm.Guid" Nullable="false" sap:label="UUID" sap:creatable="false" sap:updatable="false" sap:sortable="false" sap:filterable="false"/>
                <Property Name="Name" Type="Edm.String" Nullable="false" MaxLength="256" sap:creatable="false" sap:updatable="false" sap:sortable="false" sap:filterable="false"/>
                <Property Name="Header" Type="Edm.String" Nullable="false" MaxLength="256" sap:creatable="false" sap:updatable="false" sap:sortable="false" sap:filterable="false"/>
                <Property Name="HorizontalAlignment" Type="Edm.String" Nullable="false" MaxLength="10" sap:creatable="false" sap:updatable="false" sap:sortable="false" sap:filterable="false"/>
            </EntityType>
            <EntityType Name="SAP__CoverPage" sap:content-version="1">
                <Key>
                    <PropertyRef Name="Title"/>
                    <PropertyRef Name="Id"/>
                    <PropertyRef Name="Name"/>
                </Key>
                <Property Name="Title" Type="Edm.String" Nullable="false" MaxLength="256" sap:creatable="false" sap:updatable="false" sap:sortable="false" sap:filterable="false"/>
                <Property Name="Id" Type="Edm.Guid" Nullable="false" sap:label="UUID" sap:creatable="false" sap:updatable="false" sap:sortable="false" sap:filterable="false"/>
                <Property Name="Name" Type="Edm.String" Nullable="false" sap:creatable="false" sap:updatable="false" sap:sortable="false" sap:filterable="false"/>
                <Property Name="Value" Type="Edm.String" Nullable="false" sap:creatable="false" sap:updatable="false" sap:sortable="false" sap:filterable="false"/>
            </EntityType>
            <EntityType Name="SAP__Signature" sap:content-version="1">
                <Key>
                    <PropertyRef Name="Id"/>
                </Key>
                <Property Name="Id" Type="Edm.Guid" Nullable="false" sap:label="UUID" sap:creatable="false" sap:updatable="false" sap:sortable="false" sap:filterable="false"/>
                <Property Name="DoSign" Type="Edm.Boolean" Nullable="false" sap:label="Indicator" sap:creatable="false" sap:updatable="false" sap:sortable="false" sap:filterable="false"/>
                <Property Name="Reason" Type="Edm.String" Nullable="false" MaxLength="256" sap:creatable="false" sap:updatable="false" sap:sortable="false" sap:filterable="false"/>
            </EntityType>
            <EntityType Name="SAP__Hierarchy" sap:content-version="1">
                <Key>
                    <PropertyRef Name="Id"/>
                </Key>
                <Property Name="Id" Type="Edm.Guid" Nullable="false" sap:label="UUID" sap:creatable="false" sap:updatable="false" sap:sortable="false" sap:filterable="false"/>
                <Property Name="DistanceFromRootElement" Type="Edm.String" Nullable="false" MaxLength="256" sap:creatable="false" sap:updatable="false" sap:sortable="false" sap:filterable="false"/>
                <Property Name="DrillStateElement" Type="Edm.String" Nullable="false" MaxLength="256" sap:creatable="false" sap:updatable="false" sap:sortable="false" sap:filterable="false"/>
            </EntityType>
            <EntityType Name="SAP__PDFHeader" sap:content-version="1">
                <Key>
                    <PropertyRef Name="Id"/>
                </Key>
                <Property Name="Right" Type="cds_xdmoxflight_r.SAP__HeaderFooterField" Nullable="false"/>
                <Property Name="Left" Type="cds_xdmoxflight_r.SAP__HeaderFooterField" Nullable="false"/>
                <Property Name="Center" Type="cds_xdmoxflight_r.SAP__HeaderFooterField" Nullable="false"/>
                <Property Name="Id" Type="Edm.Guid" Nullable="false" sap:label="UUID" sap:creatable="false" sap:updatable="false" sap:sortable="false" sap:filterable="false"/>
            </EntityType>
            <EntityType Name="SAP__PDFFooter" sap:content-version="1">
                <Key>
                    <PropertyRef Name="Id"/>
                </Key>
                <Property Name="Right" Type="cds_xdmoxflight_r.SAP__HeaderFooterField" Nullable="false"/>
                <Property Name="Left" Type="cds_xdmoxflight_r.SAP__HeaderFooterField" Nullable="false"/>
                <Property Name="Center" Type="cds_xdmoxflight_r.SAP__HeaderFooterField" Nullable="false"/>
                <Property Name="Id" Type="Edm.Guid" Nullable="false" sap:label="UUID" sap:creatable="false" sap:updatable="false" sap:sortable="false" sap:filterable="false"/>
            </EntityType>
            <EntityType Name="SAP__ValueHelp" sap:content-version="1">
                <Key>
                    <PropertyRef Name="VALUEHELP"/>
                </Key>
                <Property Name="VALUEHELP" Type="Edm.String" Nullable="false"/>
                <Property Name="FIELD_VALUE" Type="Edm.String" Nullable="false" MaxLength="10"/>
                <Property Name="DESCRIPTION" Type="Edm.String"/>
            </EntityType>
            <ComplexType Name="SAP__FitToPage">
                <Property Name="ErrorRecoveryBehavior" Type="Edm.String" Nullable="false" MaxLength="8" sap:label="Error behavior" sap:creatable="false" sap:updatable="false" sap:sortable="false" sap:filterable="false"/>
                <Property Name="IsEnabled" Type="Edm.Boolean" Nullable="false" sap:creatable="false" sap:updatable="false" sap:sortable="false" sap:filterable="false"/>
                <Property Name="MinimumFontSize" Type="Edm.Int32" Nullable="false" sap:creatable="false" sap:updatable="false" sap:sortable="false" sap:filterable="false"/>
            </ComplexType>
            <ComplexType Name="SAP__TableColumnFormat">
                <Property Name="DisplayFormat" Type="Edm.String" Nullable="false" MaxLength="40" sap:creatable="false" sap:updatable="false" sap:sortable="false" sap:filterable="false"/>
                <Property Name="IANATimezone" Type="Edm.String" Nullable="false" sap:creatable="false" sap:updatable="false" sap:sortable="false" sap:filterable="false"/>
                <Property Name="IANATimezoneProperty" Type="Edm.String" Nullable="false" sap:creatable="false" sap:updatable="false" sap:sortable="false" sap:filterable="false"/>
            </ComplexType>
            <ComplexType Name="SAP__HeaderFooterField">
                <Property Name="Type" Type="Edm.String" Nullable="false" MaxLength="256" sap:creatable="false" sap:updatable="false" sap:sortable="false" sap:filterable="false"/>
            </ComplexType>
            <Association Name="assoc_00C3EEE5FE56592A54E0545053EC45C6" sap:content-version="1">
                <End Type="cds_xdmoxflight_r.ConnectionType" Multiplicity="1" Role="FromRole_assoc_00C3EEE5FE56592A54E0545053EC45C6"/>
                <End Type="cds_xdmoxflight_r.FlightType" Multiplicity="*" Role="ToRole_assoc_00C3EEE5FE56592A54E0545053EC45C6"/>
            </Association>
            <Association Name="to_format" sap:content-version="1">
                <End Type="cds_xdmoxflight_r.SAP__DocumentDescription" Multiplicity="1" Role="FromRole_to_format"/>
                <End Type="cds_xdmoxflight_r.SAP__Format" Multiplicity="1" Role="ToRole_to_format"/>
                <ReferentialConstraint>
                    <Principal Role="FromRole_to_format">
                        <PropertyRef Name="Id"/>
                    </Principal>
                    <Dependent Role="ToRole_to_format">
                        <PropertyRef Name="Id"/>
                    </Dependent>
                </ReferentialConstraint>
            </Association>
            <Association Name="to_fileshare" sap:content-version="1">
                <End Type="cds_xdmoxflight_r.SAP__DocumentDescription" Multiplicity="1" Role="FromRole_to_fileshare"/>
                <End Type="cds_xdmoxflight_r.SAP__FileShare" Multiplicity="1" Role="ToRole_to_fileshare"/>
                <ReferentialConstraint>
                    <Principal Role="FromRole_to_fileshare">
                        <PropertyRef Name="Id"/>
                    </Principal>
                    <Dependent Role="ToRole_to_fileshare">
                        <PropertyRef Name="Id"/>
                    </Dependent>
                </ReferentialConstraint>
            </Association>
            <Association Name="to_tablecolumns" sap:content-version="1">
                <End Type="cds_xdmoxflight_r.SAP__DocumentDescription" Multiplicity="1" Role="FromRole_to_tablecolumns"/>
                <End Type="cds_xdmoxflight_r.SAP__TableColumns" Multiplicity="*" Role="ToRole_to_tablecolumns"/>
                <ReferentialConstraint>
                    <Principal Role="FromRole_to_tablecolumns">
                        <PropertyRef Name="Id"/>
                    </Principal>
                    <Dependent Role="ToRole_to_tablecolumns">
                        <PropertyRef Name="Id"/>
                    </Dependent>
                </ReferentialConstraint>
            </Association>
            <Association Name="to_coverpage" sap:content-version="1">
                <End Type="cds_xdmoxflight_r.SAP__DocumentDescription" Multiplicity="1" Role="FromRole_to_coverpage"/>
                <End Type="cds_xdmoxflight_r.SAP__CoverPage" Multiplicity="*" Role="ToRole_to_coverpage"/>
                <ReferentialConstraint>
                    <Principal Role="FromRole_to_coverpage">
                        <PropertyRef Name="Id"/>
                    </Principal>
                    <Dependent Role="ToRole_to_coverpage">
                        <PropertyRef Name="Id"/>
                    </Dependent>
                </ReferentialConstraint>
            </Association>
            <Association Name="to_signature" sap:content-version="1">
                <End Type="cds_xdmoxflight_r.SAP__DocumentDescription" Multiplicity="1" Role="FromRole_to_signature"/>
                <End Type="cds_xdmoxflight_r.SAP__Signature" Multiplicity="1" Role="ToRole_to_signature"/>
                <ReferentialConstraint>
                    <Principal Role="FromRole_to_signature">
                        <PropertyRef Name="Id"/>
                    </Principal>
                    <Dependent Role="ToRole_to_signature">
                        <PropertyRef Name="Id"/>
                    </Dependent>
                </ReferentialConstraint>
            </Association>
            <Association Name="to_pdfstandard" sap:content-version="1">
                <End Type="cds_xdmoxflight_r.SAP__DocumentDescription" Multiplicity="1" Role="FromRole_to_pdfstandard"/>
                <End Type="cds_xdmoxflight_r.SAP__PDFStandard" Multiplicity="1" Role="ToRole_to_pdfstandard"/>
                <ReferentialConstraint>
                    <Principal Role="FromRole_to_pdfstandard">
                        <PropertyRef Name="Id"/>
                    </Principal>
                    <Dependent Role="ToRole_to_pdfstandard">
                        <PropertyRef Name="Id"/>
                    </Dependent>
                </ReferentialConstraint>
            </Association>
            <Association Name="to_Hierarchy" sap:content-version="1">
                <End Type="cds_xdmoxflight_r.SAP__DocumentDescription" Multiplicity="1" Role="FromRole_to_Hierarchy"/>
                <End Type="cds_xdmoxflight_r.SAP__Hierarchy" Multiplicity="1" Role="ToRole_to_Hierarchy"/>
                <ReferentialConstraint>
                    <Principal Role="FromRole_to_Hierarchy">
                        <PropertyRef Name="Id"/>
                    </Principal>
                    <Dependent Role="ToRole_to_Hierarchy">
                        <PropertyRef Name="Id"/>
                    </Dependent>
                </ReferentialConstraint>
            </Association>
            <Association Name="to_header" sap:content-version="1">
                <End Type="cds_xdmoxflight_r.SAP__DocumentDescription" Multiplicity="1" Role="FromRole_to_header"/>
                <End Type="cds_xdmoxflight_r.SAP__PDFHeader" Multiplicity="1" Role="ToRole_to_header"/>
                <ReferentialConstraint>
                    <Principal Role="FromRole_to_header">
                        <PropertyRef Name="Id"/>
                    </Principal>
                    <Dependent Role="ToRole_to_header">
                        <PropertyRef Name="Id"/>
                    </Dependent>
                </ReferentialConstraint>
            </Association>
            <Association Name="to_Footer" sap:content-version="1">
                <End Type="cds_xdmoxflight_r.SAP__DocumentDescription" Multiplicity="1" Role="FromRole_to_Footer"/>
                <End Type="cds_xdmoxflight_r.SAP__PDFFooter" Multiplicity="1" Role="ToRole_to_Footer"/>
                <ReferentialConstraint>
                    <Principal Role="FromRole_to_Footer">
                        <PropertyRef Name="Id"/>
                    </Principal>
                    <Dependent Role="ToRole_to_Footer">
                        <PropertyRef Name="Id"/>
                    </Dependent>
                </ReferentialConstraint>
            </Association>
            <EntityContainer Name="cds_xdmoxflight_r_Entities" m:IsDefaultEntityContainer="true" sap:message-scope-supported="true" sap:supported-formats="atom json xlsx pdf">
                <EntitySet Name="Airport" EntityType="cds_xdmoxflight_r.AirportType" sap:creatable="false" sap:updatable="false" sap:deletable="false" sap:searchable="true" sap:content-version="1"/>
                <EntitySet Name="Airline" EntityType="cds_xdmoxflight_r.AirlineType" sap:creatable="false" sap:updatable="false" sap:deletable="false" sap:searchable="true" sap:content-version="1"/>
                <EntitySet Name="Connection" EntityType="cds_xdmoxflight_r.ConnectionType" sap:creatable="false" sap:updatable="false" sap:deletable="false" sap:searchable="true" sap:content-version="1"/>
                <EntitySet Name="Flight" EntityType="cds_xdmoxflight_r.FlightType" sap:creatable="false" sap:updatable="false" sap:deletable="false" sap:searchable="true" sap:content-version="1"/>
                <EntitySet Name="Country" EntityType="cds_xdmoxflight_r.CountryType" sap:creatable="false" sap:updatable="false" sap:deletable="false" sap:searchable="true" sap:content-version="1"/>
                <EntitySet Name="SAP__FormatSet" EntityType="cds_xdmoxflight_r.SAP__Format" sap:creatable="false" sap:updatable="false" sap:deletable="false" sap:pageable="false" sap:addressable="false" sap:content-version="1"/>
                <EntitySet Name="SAP__PDFStandardSet" EntityType="cds_xdmoxflight_r.SAP__PDFStandard" sap:creatable="false" sap:updatable="false" sap:deletable="false" sap:pageable="false" sap:addressable="false" sap:content-version="1"/>
                <EntitySet Name="SAP__TableColumnsSet" EntityType="cds_xdmoxflight_r.SAP__TableColumns" sap:creatable="false" sap:updatable="false" sap:deletable="false" sap:pageable="false" sap:addressable="false" sap:content-version="1"/>
                <EntitySet Name="SAP__CoverPageSet" EntityType="cds_xdmoxflight_r.SAP__CoverPage" sap:creatable="false" sap:updatable="false" sap:deletable="false" sap:pageable="false" sap:addressable="false" sap:content-version="1"/>
                <EntitySet Name="SAP__SignatureSet" EntityType="cds_xdmoxflight_r.SAP__Signature" sap:creatable="false" sap:updatable="false" sap:deletable="false" sap:pageable="false" sap:addressable="false" sap:content-version="1"/>
                <EntitySet Name="SAP__HierarchySet" EntityType="cds_xdmoxflight_r.SAP__Hierarchy" sap:creatable="false" sap:updatable="false" sap:deletable="false" sap:pageable="false" sap:addressable="false" sap:content-version="1"/>
                <EntitySet Name="SAP__PDFHeaderSet" EntityType="cds_xdmoxflight_r.SAP__PDFHeader" sap:creatable="false" sap:updatable="false" sap:deletable="false" sap:pageable="false" sap:addressable="false" sap:content-version="1"/>
                <EntitySet Name="SAP__PDFFooterSet" EntityType="cds_xdmoxflight_r.SAP__PDFFooter" sap:creatable="false" sap:updatable="false" sap:deletable="false" sap:pageable="false" sap:addressable="false" sap:content-version="1"/>
                <EntitySet Name="SAP__ValueHelpSet" EntityType="cds_xdmoxflight_r.SAP__ValueHelp" sap:content-version="1"/>
                <EntitySet Name="SAP__Currencies" EntityType="cds_xdmoxflight_r.SAP__Currency" sap:content-version="1"/>
                <EntitySet Name="SAP__UnitsOfMeasure" EntityType="cds_xdmoxflight_r.SAP__UnitOfMeasure" sap:content-version="1"/>
                <EntitySet Name="SAP__MyDocumentDescriptions" EntityType="cds_xdmoxflight_r.SAP__DocumentDescription" sap:content-version="1"/>
                <EntitySet Name="SAP__FileShareSet" EntityType="cds_xdmoxflight_r.SAP__FileShare" sap:creatable="false" sap:updatable="false" sap:deletable="false" sap:pageable="false" sap:addressable="false" sap:content-version="1"/>
                <AssociationSet Name="assoc_00C3EEE5FE56592A54E0545053EC45C6" Association="cds_xdmoxflight_r.assoc_00C3EEE5FE56592A54E0545053EC45C6" sap:creatable="false" sap:updatable="false" sap:deletable="false" sap:content-version="1">
                    <End EntitySet="Connection" Role="FromRole_assoc_00C3EEE5FE56592A54E0545053EC45C6"/>
                    <End EntitySet="Flight" Role="ToRole_assoc_00C3EEE5FE56592A54E0545053EC45C6"/>
                </AssociationSet>
                <AssociationSet Name="to_HierarchySet" Association="cds_xdmoxflight_r.to_Hierarchy" sap:creatable="false" sap:updatable="false" sap:deletable="false" sap:content-version="1">
                    <End EntitySet="SAP__MyDocumentDescriptions" Role="FromRole_to_Hierarchy"/>
                    <End EntitySet="SAP__HierarchySet" Role="ToRole_to_Hierarchy"/>
                </AssociationSet>
                <AssociationSet Name="to_tablecolumnsSet" Association="cds_xdmoxflight_r.to_tablecolumns" sap:creatable="false" sap:updatable="false" sap:deletable="false" sap:content-version="1">
                    <End EntitySet="SAP__MyDocumentDescriptions" Role="FromRole_to_tablecolumns"/>
                    <End EntitySet="SAP__TableColumnsSet" Role="ToRole_to_tablecolumns"/>
                </AssociationSet>
                <AssociationSet Name="to_headerSet" Association="cds_xdmoxflight_r.to_header" sap:creatable="false" sap:updatable="false" sap:deletable="false" sap:content-version="1">
                    <End EntitySet="SAP__MyDocumentDescriptions" Role="FromRole_to_header"/>
                    <End EntitySet="SAP__PDFHeaderSet" Role="ToRole_to_header"/>
                </AssociationSet>
                <AssociationSet Name="to_FooterSet" Association="cds_xdmoxflight_r.to_Footer" sap:creatable="false" sap:updatable="false" sap:deletable="false" sap:content-version="1">
                    <End EntitySet="SAP__MyDocumentDescriptions" Role="FromRole_to_Footer"/>
                    <End EntitySet="SAP__PDFFooterSet" Role="ToRole_to_Footer"/>
                </AssociationSet>
                <AssociationSet Name="to_formatSet" Association="cds_xdmoxflight_r.to_format" sap:creatable="false" sap:updatable="false" sap:deletable="false" sap:content-version="1">
                    <End EntitySet="SAP__MyDocumentDescriptions" Role="FromRole_to_format"/>
                    <End EntitySet="SAP__FormatSet" Role="ToRole_to_format"/>
                </AssociationSet>
                <AssociationSet Name="to_fileshareSet" Association="cds_xdmoxflight_r.to_fileshare" sap:creatable="false" sap:updatable="false" sap:deletable="false" sap:content-version="1">
                    <End EntitySet="SAP__MyDocumentDescriptions" Role="FromRole_to_fileshare"/>
                    <End EntitySet="SAP__FileShareSet" Role="ToRole_to_fileshare"/>
                </AssociationSet>
                <AssociationSet Name="to_pdfstandardSet" Association="cds_xdmoxflight_r.to_pdfstandard" sap:creatable="false" sap:updatable="false" sap:deletable="false" sap:content-version="1">
                    <End EntitySet="SAP__MyDocumentDescriptions" Role="FromRole_to_pdfstandard"/>
                    <End EntitySet="SAP__PDFStandardSet" Role="ToRole_to_pdfstandard"/>
                </AssociationSet>
                <AssociationSet Name="to_signatureSet" Association="cds_xdmoxflight_r.to_signature" sap:creatable="false" sap:updatable="false" sap:deletable="false" sap:content-version="1">
                    <End EntitySet="SAP__MyDocumentDescriptions" Role="FromRole_to_signature"/>
                    <End EntitySet="SAP__SignatureSet" Role="ToRole_to_signature"/>
                </AssociationSet>
                <AssociationSet Name="to_coverpageSet" Association="cds_xdmoxflight_r.to_coverpage" sap:creatable="false" sap:updatable="false" sap:deletable="false" sap:content-version="1">
                    <End EntitySet="SAP__MyDocumentDescriptions" Role="FromRole_to_coverpage"/>
                    <End EntitySet="SAP__CoverPageSet" Role="ToRole_to_coverpage"/>
                </AssociationSet>
            </EntityContainer>
            <Annotation Term="Core.SchemaVersion" String="1.0.0" xmlns="http://docs.oasis-open.org/odata/ns/edm"/>
            <Annotations Target="cds_xdmoxflight_r.AirportType/CountryCode" xmlns="http://docs.oasis-open.org/odata/ns/edm">
                <Annotation Term="Common.ValueListForValidation" String=""/>
                <Annotation Term="Common.ValueList">
                    <Record>
                        <PropertyValue Property="Label" String="Country/Region Key"/>
                        <PropertyValue Property="CollectionPath" String="Country"/>
                        <PropertyValue Property="SearchSupported" Bool="true"/>
                        <PropertyValue Property="Parameters">
                            <Collection>
                                <Record Type="Common.ValueListParameterInOut">
                                    <PropertyValue Property="LocalDataProperty" PropertyPath="CountryCode"/>
                                    <PropertyValue Property="ValueListProperty" String="Country"/>
                                </Record>
                                <Record Type="Common.ValueListParameterDisplayOnly">
                                    <PropertyValue Property="ValueListProperty" String="Country_Text"/>
                                </Record>
                                <Record Type="Common.ValueListParameterDisplayOnly">
                                    <PropertyValue Property="ValueListProperty" String="CountryThreeLetterISOCode"/>
                                </Record>
                                <Record Type="Common.ValueListParameterDisplayOnly">
                                    <PropertyValue Property="ValueListProperty" String="CountryThreeDigitISOCode"/>
                                </Record>
                            </Collection>
                        </PropertyValue>
                    </Record>
                </Annotation>
            </Annotations>
            <Annotations Target="cds_xdmoxflight_r.ConnectionType/AirlineID" xmlns="http://docs.oasis-open.org/odata/ns/edm">
                <Annotation Term="Common.ValueListForValidation" String=""/>
                <Annotation Term="Common.ValueList">
                    <Record>
                        <PropertyValue Property="Label" String="Airline ID"/>
                        <PropertyValue Property="CollectionPath" String="Airline"/>
                        <PropertyValue Property="SearchSupported" Bool="true"/>
                        <PropertyValue Property="Parameters">
                            <Collection>
                                <Record Type="Common.ValueListParameterInOut">
                                    <PropertyValue Property="LocalDataProperty" PropertyPath="AirlineID"/>
                                    <PropertyValue Property="ValueListProperty" String="AirlineID"/>
                                    <Annotation Term="UI.Importance" EnumMember="UI.ImportanceType/High"/>
                                </Record>
                                <Record Type="Common.ValueListParameterDisplayOnly">
                                    <PropertyValue Property="ValueListProperty" String="Name"/>
                                    <Annotation Term="UI.Importance" EnumMember="UI.ImportanceType/High"/>
                                </Record>
                                <Record Type="Common.ValueListParameterDisplayOnly">
                                    <PropertyValue Property="ValueListProperty" String="CurrencyCode"/>
                                    <Annotation Term="UI.Importance" EnumMember="UI.ImportanceType/Medium"/>
                                </Record>
                            </Collection>
                        </PropertyValue>
                    </Record>
                </Annotation>
            </Annotations>
            <Annotations Target="cds_xdmoxflight_r.ConnectionType/DepartureAirport" xmlns="http://docs.oasis-open.org/odata/ns/edm">
                <Annotation Term="Common.ValueListForValidation" String=""/>
                <Annotation Term="Common.ValueList">
                    <Record>
                        <PropertyValue Property="Label" String="Departure Airport Code"/>
                        <PropertyValue Property="CollectionPath" String="Airport"/>
                        <PropertyValue Property="SearchSupported" Bool="true"/>
                        <PropertyValue Property="Parameters">
                            <Collection>
                                <Record Type="Common.ValueListParameterInOut">
                                    <PropertyValue Property="LocalDataProperty" PropertyPath="DepartureAirport"/>
                                    <PropertyValue Property="ValueListProperty" String="AirportID"/>
                                    <Annotation Term="UI.Importance" EnumMember="UI.ImportanceType/High"/>
                                </Record>
                                <Record Type="Common.ValueListParameterDisplayOnly">
                                    <PropertyValue Property="ValueListProperty" String="Name"/>
                                    <Annotation Term="UI.Importance" EnumMember="UI.ImportanceType/High"/>
                                </Record>
                                <Record Type="Common.ValueListParameterDisplayOnly">
                                    <PropertyValue Property="ValueListProperty" String="City"/>
                                    <Annotation Term="UI.Importance" EnumMember="UI.ImportanceType/Medium"/>
                                </Record>
                                <Record Type="Common.ValueListParameterDisplayOnly">
                                    <PropertyValue Property="ValueListProperty" String="CountryCode"/>
                                    <Annotation Term="UI.Importance" EnumMember="UI.ImportanceType/Medium"/>
                                </Record>
                            </Collection>
                        </PropertyValue>
                    </Record>
                </Annotation>
            </Annotations>
            <Annotations Target="cds_xdmoxflight_r.ConnectionType/DestinationAirport" xmlns="http://docs.oasis-open.org/odata/ns/edm">
                <Annotation Term="Common.ValueListForValidation" String=""/>
                <Annotation Term="Common.ValueList">
                    <Record>
                        <PropertyValue Property="Label" String="Destination Airport Code"/>
                        <PropertyValue Property="CollectionPath" String="Airport"/>
                        <PropertyValue Property="SearchSupported" Bool="true"/>
                        <PropertyValue Property="Parameters">
                            <Collection>
                                <Record Type="Common.ValueListParameterInOut">
                                    <PropertyValue Property="LocalDataProperty" PropertyPath="DestinationAirport"/>
                                    <PropertyValue Property="ValueListProperty" String="AirportID"/>
                                    <Annotation Term="UI.Importance" EnumMember="UI.ImportanceType/High"/>
                                </Record>
                                <Record Type="Common.ValueListParameterDisplayOnly">
                                    <PropertyValue Property="ValueListProperty" String="Name"/>
                                    <Annotation Term="UI.Importance" EnumMember="UI.ImportanceType/High"/>
                                </Record>
                                <Record Type="Common.ValueListParameterDisplayOnly">
                                    <PropertyValue Property="ValueListProperty" String="City"/>
                                    <Annotation Term="UI.Importance" EnumMember="UI.ImportanceType/Medium"/>
                                </Record>
                                <Record Type="Common.ValueListParameterDisplayOnly">
                                    <PropertyValue Property="ValueListProperty" String="CountryCode"/>
                                    <Annotation Term="UI.Importance" EnumMember="UI.ImportanceType/Medium"/>
                                </Record>
                            </Collection>
                        </PropertyValue>
                    </Record>
                </Annotation>
            </Annotations>
            <Annotations Target="cds_xdmoxflight_r.cds_xdmoxflight_r_Entities" xmlns="http://docs.oasis-open.org/odata/ns/edm">
                <Annotation Term="Common.ApplyMultiUnitBehaviorForSortingAndFiltering" Bool="true"/>
            </Annotations>
            <Annotations Target="cds_xdmoxflight_r.cds_xdmoxflight_r_Entities/Airline" xmlns="http://docs.oasis-open.org/odata/ns/edm">
                <Annotation Term="Capabilities.DeleteRestrictions">
                    <Record>
                        <PropertyValue Property="Deletable" Bool="false"/>
                    </Record>
                </Annotation>
                <Annotation Term="Capabilities.InsertRestrictions">
                    <Record>
                        <PropertyValue Property="Insertable" Bool="false"/>
                    </Record>
                </Annotation>
                <Annotation Term="Capabilities.UpdateRestrictions">
                    <Record>
                        <PropertyValue Property="Updatable" Bool="false"/>
                    </Record>
                </Annotation>
            </Annotations>
            <Annotations Target="cds_xdmoxflight_r.cds_xdmoxflight_r_Entities/Airport" xmlns="http://docs.oasis-open.org/odata/ns/edm">
                <Annotation Term="Capabilities.DeleteRestrictions">
                    <Record>
                        <PropertyValue Property="Deletable" Bool="false"/>
                    </Record>
                </Annotation>
                <Annotation Term="Capabilities.InsertRestrictions">
                    <Record>
                        <PropertyValue Property="Insertable" Bool="false"/>
                    </Record>
                </Annotation>
                <Annotation Term="Capabilities.UpdateRestrictions">
                    <Record>
                        <PropertyValue Property="Updatable" Bool="false"/>
                    </Record>
                </Annotation>
            </Annotations>
            <Annotations Target="cds_xdmoxflight_r.cds_xdmoxflight_r_Entities/Connection" xmlns="http://docs.oasis-open.org/odata/ns/edm">
                <Annotation Term="Capabilities.DeleteRestrictions">
                    <Record>
                        <PropertyValue Property="Deletable" Bool="false"/>
                    </Record>
                </Annotation>
                <Annotation Term="Capabilities.InsertRestrictions">
                    <Record>
                        <PropertyValue Property="Insertable" Bool="false"/>
                    </Record>
                </Annotation>
                <Annotation Term="Capabilities.NavigationRestrictions">
                    <Record>
                        <PropertyValue Property="RestrictedProperties">
                            <Collection>
                                <Record>
                                    <PropertyValue Property="NavigationProperty" NavigationPropertyPath="to_Flight"/>
                                    <PropertyValue Property="InsertRestrictions">
                                        <Record>
                                            <PropertyValue Property="Insertable" Bool="false"/>
                                        </Record>
                                    </PropertyValue>
                                </Record>
                            </Collection>
                        </PropertyValue>
                    </Record>
                </Annotation>
                <Annotation Term="Capabilities.UpdateRestrictions">
                    <Record>
                        <PropertyValue Property="Updatable" Bool="false"/>
                    </Record>
                </Annotation>
            </Annotations>
            <Annotations Target="cds_xdmoxflight_r.cds_xdmoxflight_r_Entities/Country" xmlns="http://docs.oasis-open.org/odata/ns/edm">
                <Annotation Term="Capabilities.DeleteRestrictions">
                    <Record>
                        <PropertyValue Property="Deletable" Bool="false"/>
                    </Record>
                </Annotation>
                <Annotation Term="Capabilities.InsertRestrictions">
                    <Record>
                        <PropertyValue Property="Insertable" Bool="false"/>
                    </Record>
                </Annotation>
                <Annotation Term="Capabilities.UpdateRestrictions">
                    <Record>
                        <PropertyValue Property="Updatable" Bool="false"/>
                    </Record>
                </Annotation>
            </Annotations>
            <Annotations Target="cds_xdmoxflight_r.cds_xdmoxflight_r_Entities/Flight" xmlns="http://docs.oasis-open.org/odata/ns/edm">
                <Annotation Term="Capabilities.DeleteRestrictions">
                    <Record>
                        <PropertyValue Property="Deletable" Bool="false"/>
                    </Record>
                </Annotation>
                <Annotation Term="Capabilities.InsertRestrictions">
                    <Record>
                        <PropertyValue Property="Insertable" Bool="false"/>
                    </Record>
                </Annotation>
                <Annotation Term="Capabilities.UpdateRestrictions">
                    <Record>
                        <PropertyValue Property="Updatable" Bool="false"/>
                    </Record>
                </Annotation>
            </Annotations>
            <Annotations Target="cds_xdmoxflight_r.cds_xdmoxflight_r_Entities" xmlns="http://docs.oasis-open.org/odata/ns/edm">
                <Annotation Term="Org.OData.Capabilities.V1.BatchSupport">
                    <Record Type="Org.OData.Capabilities.V1.BatchSupportType">
                        <PropertyValue Property="ReferencesAcrossChangeSetsSupported" Bool="true"/>
                    </Record>
                </Annotation>
                <Annotation Term="SAP__CodeList.CurrencyCodes">
                    <Record>
                        <PropertyValue Property="Url" String="./$metadata"/>
                        <PropertyValue Property="CollectionPath" String="SAP__Currencies"/>
                    </Record>
                </Annotation>
                <Annotation Term="SAP__CodeList.UnitsOfMeasure">
                    <Record>
                        <PropertyValue Property="Url" String="./$metadata"/>
                        <PropertyValue Property="CollectionPath" String="SAP__UnitsOfMeasure"/>
                    </Record>
                </Annotation>
                <Annotation Term="SAP__PDF.Features">
                    <Record>
                        <PropertyValue Property="DocumentDescriptionReference" String="./$metadata"/>
                        <PropertyValue Property="DocumentDescriptionCollection" String="SAP__MyDocumentDescriptions"/>
                        <PropertyValue Property="ArchiveFormat" Bool="true"/>
                        <PropertyValue Property="CoverPage" Bool="true"/>
                        <PropertyValue Property="Signature" Bool="true"/>
                        <PropertyValue Property="FitToPage" Bool="true"/>
                        <PropertyValue Property="FontName" Bool="true"/>
                        <PropertyValue Property="FontSize" Bool="true"/>
                        <PropertyValue Property="Margin" Bool="true"/>
                        <PropertyValue Property="Border" Bool="true"/>
                        <PropertyValue Property="Padding" Bool="true"/>
                        <PropertyValue Property="HeaderFooter" Bool="true"/>
                        <PropertyValue Property="IANATimezoneFormat" Bool="true"/>
                        <PropertyValue Property="TextDirectionLayout" Bool="true"/>
                        <PropertyValue Property="UploadToFileShare" Bool="true"/>
                        <PropertyValue Property="ResultSizeDefault" Int="20000"/>
                        <PropertyValue Property="ResultSizeMaximum" Int="20000"/>
                        <PropertyValue Property="Treeview" Bool="true"/>
                    </Record>
                </Annotation>
                <Annotation Term="SAP__CodeList.SAP__DocumentDescription">
                    <Record>
                        <PropertyValue Property="Url" String="./$metadata"/>
                        <PropertyValue Property="CollectionPath" String="SAP__MyDocumentDescriptions"/>
                    </Record>
                </Annotation>
            </Annotations>
            <Annotations Target="cds_xdmoxflight_r.CountryType/Description" xmlns="http://docs.oasis-open.org/odata/ns/edm">
                <Annotation Term="SAP__common.DocumentationRef" String="urn:sap-com:documentation:key?=type=DE&amp;id=LANDX50&amp;origin=TRL_100"/>
            </Annotations>
            <Annotations Target="cds_xdmoxflight_r.AirlineType/CurrencyName" xmlns="http://docs.oasis-open.org/odata/ns/edm">
                <Annotation Term="SAP__common.DocumentationRef" String="urn:sap-com:documentation:key?=type=DE&amp;id=LTEXT_CDS&amp;origin=TRL_100"/>
            </Annotations>
            <Annotations Target="cds_xdmoxflight_r.AirportType/CountryCodeText" xmlns="http://docs.oasis-open.org/odata/ns/edm">
                <Annotation Term="SAP__common.DocumentationRef" String="urn:sap-com:documentation:key?=type=DE&amp;id=LANDX50&amp;origin=TRL_100"/>
            </Annotations>
            <Annotations Target="cds_xdmoxflight_r.CountryType/Country" xmlns="http://docs.oasis-open.org/odata/ns/edm">
                <Annotation Term="SAP__common.DocumentationRef" String="urn:sap-com:documentation:key?=type=DE&amp;id=LAND1&amp;origin=TRL_100"/>
            </Annotations>
            <Annotations Target="cds_xdmoxflight_r.AirportType/CountryCode" xmlns="http://docs.oasis-open.org/odata/ns/edm">
                <Annotation Term="SAP__common.DocumentationRef" String="urn:sap-com:documentation:key?=type=DE&amp;id=LAND1&amp;origin=TRL_100"/>
            </Annotations>
            <Annotations Target="cds_xdmoxflight_r.ConnectionType/DistanceUnit" xmlns="http://docs.oasis-open.org/odata/ns/edm">
                <Annotation Term="SAP__common.DocumentationRef" String="urn:sap-com:documentation:key?=type=DE&amp;id=MSEHI&amp;origin=TRL_100"/>
            </Annotations>
            <Annotations Target="cds_xdmoxflight_r.CountryType/CountryThreeLetterISOCode" xmlns="http://docs.oasis-open.org/odata/ns/edm">
                <Annotation Term="SAP__common.DocumentationRef" String="urn:sap-com:documentation:key?=type=DE&amp;id=INTCA3&amp;origin=TRL_100"/>
            </Annotations>
            <Annotations Target="cds_xdmoxflight_r.CountryType/CountryThreeDigitISOCode" xmlns="http://docs.oasis-open.org/odata/ns/edm">
                <Annotation Term="SAP__common.DocumentationRef" String="urn:sap-com:documentation:key?=type=DE&amp;id=INTCN3&amp;origin=TRL_100"/>
            </Annotations>
            <Annotations Target="cds_xdmoxflight_r.CountryType/Country_Text" xmlns="http://docs.oasis-open.org/odata/ns/edm">
                <Annotation Term="SAP__common.DocumentationRef" String="urn:sap-com:documentation:key?=type=DE&amp;id=LANDX50&amp;origin=TRL_100"/>
            </Annotations>
            <Annotations Target="cds_xdmoxflight_r.SAP__Currency/CurrencyCode" xmlns="http://docs.oasis-open.org/odata/ns/edm">
                <Annotation Term="SAP__common.Text" Path="Text"/>
                <Annotation Term="SAP__common.UnitSpecificScale" Path="DecimalPlaces"/>
                <Annotation Term="SAP__CodeList.StandardCode" Path="ISOCode"/>
            </Annotations>
            <Annotations Target="cds_xdmoxflight_r.SAP__UnitOfMeasure/UnitCode" xmlns="http://docs.oasis-open.org/odata/ns/edm">
                <Annotation Term="SAP__common.Text" Path="Text"/>
                <Annotation Term="SAP__common.UnitSpecificScale" Path="DecimalPlaces"/>
                <Annotation Term="SAP__CodeList.StandardCode" Path="ISOCode"/>
                <Annotation Term="SAP__CodeList.ExternalCode" Path="ExternalCode"/>
            </Annotations>
            <Annotations Target="cds_xdmoxflight_r.SAP__UnitOfMeasure" xmlns="http://docs.oasis-open.org/odata/ns/edm">
                <Annotation Term="SAP__core.AlternateKeys">
                    <Collection>
                        <Record>
                            <PropertyValue Property="Key">
                                <Collection>
                                    <Record>
                                        <PropertyValue Property="Name" Path="ExternalCode"/>
                                        <PropertyValue Property="Alias" String="ExternalCode"/>
                                    </Record>
                                </Collection>
                            </PropertyValue>
                        </Record>
                    </Collection>
                </Annotation>
            </Annotations>
            <Annotations Target="cds_xdmoxflight_r.SAP__DocumentDescription/CreatedBy" xmlns="http://docs.oasis-open.org/odata/ns/edm">
                <Annotation Term="SAP__core.Computed"/>
            </Annotations>
            <Annotations Target="cds_xdmoxflight_r.SAP__DocumentDescription/CreatedAt" xmlns="http://docs.oasis-open.org/odata/ns/edm">
                <Annotation Term="SAP__core.Computed"/>
            </Annotations>
            <Annotations Target="cds_xdmoxflight_r.SAP__Format/TextDirectionLayout" xmlns="http://docs.oasis-open.org/odata/ns/edm">
                <Annotation Term="SAP__core.Description" String="Setting the text direction-layout is supported"/>
                <Annotation Term="SAP__core.LongDescription" String="PDF supports setting the text direction-layout (e.g. left-to-right or right-to-left) in the document description"/>
            </Annotations>
            <Annotations Target="cds_xdmoxflight_r.SAP__DocumentDescription" xmlns="http://docs.oasis-open.org/odata/ns/edm">
                <Annotation Term="SAP__capabilties.InsertRestrictions">
                    <Record>
                        <PropertyValue Property="Insertable" Bool="false"/>
                    </Record>
                </Annotation>
                <Annotation Term="SAP__capabilties.UpdateRestrictions">
                    <Record>
                        <PropertyValue Property="Updatable" Bool="false"/>
                        <PropertyValue Property="QueryOptions">
                            <Record>
                                <PropertyValue Property="SelectSupported" Bool="true"/>
                            </Record>
                        </PropertyValue>
                    </Record>
                </Annotation>
                <Annotation Term="SAP__capabilties.DeleteRestrictions">
                    <Record>
                        <PropertyValue Property="Deletable" Bool="false"/>
                    </Record>
                </Annotation>
                <Annotation Term="SAP__capabilties.FilterRestrictions">
                    <Record>
                        <PropertyValue Property="FilterExpressionRestrictions">
                            <Collection>
                                <Record>
                                    <PropertyValue Property="Property" PropertyPath="Format/Orientation"/>
                                    <PropertyValue Property="AllowedExpressions" String="Multivalue"/>
                                </Record>
                                <Record>
                                    <PropertyValue Property="Property" PropertyPath="Format/PaperSize"/>
                                    <PropertyValue Property="AllowedExpressions" String="Multivalue"/>
                                </Record>
                            </Collection>
                        </PropertyValue>
                    </Record>
                </Annotation>
            </Annotations>
            <Annotations Target="cds_xdmoxflight_r.SAP__Format/FitToPage/ErrorRecoveryBehavior" xmlns="http://docs.oasis-open.org/odata/ns/edm">
                <Annotation Term="SAP__common.ValueListReferences">
                    <Record>
                        <PropertyValue Property="Url" String="./$metadata"/>
                        <PropertyValue Property="CollectionPath" String="../../../../SAP__ValueHelpSet?$filter=VALUEHELP%20eq%20%27ErrorRecoveryBehaviour%27"/>
                    </Record>
                </Annotation>
                <Annotation Term="SAP__common.ValueListWithFixedValues"/>
            </Annotations>
            <Annotations Target="cds_xdmoxflight_r.SAP__Format/FontName" xmlns="http://docs.oasis-open.org/odata/ns/edm">
                <Annotation Term="SAP__common.ValueListReferences">
                    <Record>
                        <PropertyValue Property="Url" String="./$metadata"/>
                        <PropertyValue Property="CollectionPath" String="SAP__ValueHelpSet?$filter=VALUEHELP%20eq%20%27FontName%27"/>
                    </Record>
                </Annotation>
                <Annotation Term="SAP__common.ValueListWithFixedValues"/>
            </Annotations>
            <Annotations Target="cds_xdmoxflight_r.SAP__Format/PaperSize" xmlns="http://docs.oasis-open.org/odata/ns/edm">
                <Annotation Term="SAP__common.ValueListReferences">
                    <Record>
                        <PropertyValue Property="Url" String="./$metadata"/>
                        <PropertyValue Property="CollectionPath" String="SAP__ValueHelpSet?$filter=VALUEHELP%20eq%20%27PaperSize%27"/>
                    </Record>
                </Annotation>
                <Annotation Term="SAP__common.ValueListWithFixedValues"/>
            </Annotations>
            <Annotations Target="cds_xdmoxflight_r.SAP__PDFHeader/Left" xmlns="http://docs.oasis-open.org/odata/ns/edm">
                <Annotation Term="SAP__common.ValueListReferences">
                    <Record>
                        <PropertyValue Property="Url" String="./$metadata"/>
                        <PropertyValue Property="CollectionPath" String="SAP__ValueHelpSet?$filter=VALUEHELP%20eq%20%27HeaderFooter%27"/>
                    </Record>
                </Annotation>
                <Annotation Term="SAP__common.ValueListWithFixedValues"/>
            </Annotations>
            <Annotations Target="cds_xdmoxflight_r.SAP__PDFHeader/Right" xmlns="http://docs.oasis-open.org/odata/ns/edm">
                <Annotation Term="SAP__common.ValueListReferences">
                    <Record>
                        <PropertyValue Property="Url" String="./$metadata"/>
                        <PropertyValue Property="CollectionPath" String="SAP__ValueHelpSet?$filter=VALUEHELP%20eq%20%27HeaderFooter%27"/>
                    </Record>
                </Annotation>
                <Annotation Term="SAP__common.ValueListWithFixedValues"/>
            </Annotations>
            <Annotations Target="cds_xdmoxflight_r.SAP__PDFHeader/Center" xmlns="http://docs.oasis-open.org/odata/ns/edm">
                <Annotation Term="SAP__common.ValueListReferences">
                    <Record>
                        <PropertyValue Property="Url" String="./$metadata"/>
                        <PropertyValue Property="CollectionPath" String="SAP__ValueHelpSet?$filter=VALUEHELP%20eq%20%27HeaderFooter%27"/>
                    </Record>
                </Annotation>
                <Annotation Term="SAP__common.ValueListWithFixedValues"/>
            </Annotations>
            <Annotations Target="cds_xdmoxflight_r.SAP__PDFFooter/Left" xmlns="http://docs.oasis-open.org/odata/ns/edm">
                <Annotation Term="SAP__common.ValueListReferences">
                    <Record>
                        <PropertyValue Property="Url" String="./$metadata"/>
                        <PropertyValue Property="CollectionPath" String="SAP__ValueHelpSet?$filter=VALUEHELP%20eq%20%27HeaderFooter%27"/>
                    </Record>
                </Annotation>
                <Annotation Term="SAP__common.ValueListWithFixedValues"/>
            </Annotations>
            <Annotations Target="cds_xdmoxflight_r.SAP__PDFFooter/Right" xmlns="http://docs.oasis-open.org/odata/ns/edm">
                <Annotation Term="SAP__common.ValueListReferences">
                    <Record>
                        <PropertyValue Property="Url" String="./$metadata"/>
                        <PropertyValue Property="CollectionPath" String="SAP__ValueHelpSet?$filter=VALUEHELP%20eq%20%27HeaderFooter%27"/>
                    </Record>
                </Annotation>
                <Annotation Term="SAP__common.ValueListWithFixedValues"/>
            </Annotations>
            <Annotations Target="cds_xdmoxflight_r.SAP__PDFFooter/Center" xmlns="http://docs.oasis-open.org/odata/ns/edm">
                <Annotation Term="SAP__common.ValueListReferences">
                    <Record>
                        <PropertyValue Property="Url" String="./$metadata"/>
                        <PropertyValue Property="CollectionPath" String="SAP__ValueHelpSet?$filter=VALUEHELP%20eq%20%27HeaderFooter%27"/>
                    </Record>
                </Annotation>
                <Annotation Term="SAP__common.ValueListWithFixedValues"/>
            </Annotations>
            <Annotations Target="cds_xdmoxflight_r.SAP__TableColumns/Format/Display_Format" xmlns="http://docs.oasis-open.org/odata/ns/edm">
                <Annotation Term="SAP__common.ValueListReferences">
                    <Record>
                        <PropertyValue Property="Url" String="./$metadata"/>
                        <PropertyValue Property="CollectionPath" String="SAP__ValueHelpSet?$filter=VALUEHELP%20eq%20%27TableColumnFormat%27"/>
                    </Record>
                </Annotation>
                <Annotation Term="SAP__common.ValueListWithFixedValues"/>
            </Annotations>
            <Annotations Target="cds_xdmoxflight_r.SAP__FileShare" xmlns="http://docs.oasis-open.org/odata/ns/edm">
                <Annotation Term="SAP__common.ValueListReferences">
                    <Record>
                        <PropertyValue Property="Url" String="./$metadata"/>
                        <PropertyValue Property="CollectionPath" String="SAP__ValueHelpSet?$filter=VALUEHELP%20eq%20%27FileShare%27"/>
                    </Record>
                </Annotation>
                <Annotation Term="SAP__common.ValueListWithFixedValues"/>
            </Annotations>
            <Annotations Target="cds_xdmoxflight_r.SAP__Format/Orientation" xmlns="http://docs.oasis-open.org/odata/ns/edm">
                <Annotation Term="SAP__common.ValueListReferences">
                    <Record>
                        <PropertyValue Property="Url" String="./$metadata"/>
                        <PropertyValue Property="CollectionPath" String="SAP__ValueHelpSet?$filter=VALUEHELP%20eq%20%27FontName%27"/>
                    </Record>
                </Annotation>
                <Annotation Term="SAP__common.ValueListWithFixedValues"/>
            </Annotations>
            <Annotations Target="cds_xdmoxflight_r.SAP__TableColumns/HorizontalAlignment" xmlns="http://docs.oasis-open.org/odata/ns/edm">
                <Annotation Term="SAP__common.ValueListReferences">
                    <Record>
                        <PropertyValue Property="Url" String="./$metadata"/>
                        <PropertyValue Property="CollectionPath" String="SAP__ValueHelpSet?$filter=VALUEHELP%20eq%20%27HorizontalAlignment%27"/>
                    </Record>
                </Annotation>
                <Annotation Term="SAP__common.ValueListWithFixedValues"/>
            </Annotations>
            <atom:link rel="self" href="/sap/opu/odata/dmo/UI_FLIGHT_R_V2/$metadata" xmlns:atom="http://www.w3.org/2005/Atom"/>
            <atom:link rel="latest-version" href="/sap/opu/odata/dmo/UI_FLIGHT_R_V2/$metadata" xmlns:atom="http://www.w3.org/2005/Atom"/>
        </Schema>
    </edmx:DataServices>
</edmx:Edmx>